,Severity,avg(Temperature(F))
0,1,64.58047520661157
1,2,62.623780556931116
2,3,62.09274103783016
3,4,58.92713917497836
