,Severity,avg(Temperature(F)),avg(Humidity(%)),avg(Precipitation(in)),avg(Wind_Speed(mph)),avg(Wind_Chill(F)),avg(Pressure(in)),avg(Visibility(mi))
0,1,64.58047520661158,64.3047520661157,0.0039049586776859512,6.950309917355372,13.23543388429752,29.925495867768596,9.086570247933883
1,2,62.623780556931116,63.878207192699946,0.005950155763239597,7.0127938557554845,20.685208762873895,29.8200160027294,8.979393862777835
2,3,62.09274103783016,64.39259593069106,0.008634336765732848,7.202376580067643,16.386950158851874,29.861257137064086,8.890805885401418
3,4,58.92713917497836,66.20880037254838,0.005125572630689767,6.974758764092443,19.29501066744642,29.804121533079954,8.840072018800699
